,,,,,
,,,,,
,,,,,
,,,,,
,,,,,
40 11,,,,,
00 11,15 11,30 11,45 13,,
00 11,12 13,24 11,36 13,48 11,
00 11,12 13,24 11,36 13,48 11,
00 11,12 13,24 11,36 11,48 11,
00 11,12 13,24 11,36 50,48 11,
00 11,12 13,24 11,36 50,48 11,
00 11,12 13,24 11,36 50,48 11,
00 11,12 13,24 11,36 50,48 11,
00 11,12 13,24 11,36 50,48 11,
00 11,12 13,24 11,36 11,48 11,
00 11,12 13,24 11,36 11,48 13,
00 11,10 11,20 13,30 11,40 11,50 13
00 11,10 11,20 13,30 11,40 11,50 13
00 11,10 11,20 13,30 11,40 11,50 13
00 11,20 11,50 11,,,
05 11,30 11,,,,